query_norm,q_count,ctr,mrr
candy samples gallery,19,0.0,
stopsmokingorlando,1,0.0,
texas health insurance risk pool,2,0.0,
sexo grande anal,1,0.0,
slipknot songs com,1,0.0,
adrian adonis,1,0.0,
craigslist,5,0.0,
office depot,2,0.0,
bounce out,2,0.0,
hinduism,1,0.0,
hoot sneak preview,1,0.0,
google com,3,0.0,
maundy,2,0.0,
mnf iraq mil,2,0.0,
informations on starting saving for young students,1,0.0,
juvenile detention center,1,0.0,
www walmartcom,1,0.0,
www yahoo com,5,0.0,
kenosha county trail,1,0.0,
scientology religion,1,0.0,
fibroids in uterus,3,0.0,
yahoo personals,3,0.0,
phone numbers,2,0.0,
real estate on the jersey shore,1,0.0,
sweet tooth,1,0.0,
city bank interest rates,1,0.0,
mexico city hotel senorial,2,0.0,
drop ceiling panels,1,0.0,
amalia1950,4,0.0,
honda smithtown,1,0.0,
home depot,1,0.0,
crosses flames skulls wine glasses,1,0.0,
yellow truck,1,0.0,
www hotjobs com,1,0.0,
lyrics me falling in love with you is back in style,1,0.0,
www ohiosavings com,3,0.0,
nieporte statue,1,0.0,
gally pissmops com,1,0.0,
http www printroom com viewgalleryphoto asp user id yelverton,1,0.0,
erwinmarine,1,0.0,
my url http,1,0.0,
www melodytrio com,1,0.0,
thongbunz,1,0.0,
american express black card,1,0.0,
potterybarn com,1,0.0,
ira limits 2005,1,0.0,
tingwood texas,1,0.0,
www blackdragonballgt com,1,0.0,
nbc deal or no deal com,1,0.0,
the journal cell,1,0.0,
aol crime news,1,0.0,
song with the lyrics did you ever think that for one day i d want to be someone else,1,0.0,
easter 2007,1,0.0,
olive garden,1,0.0,
flushia iraq map,1,0.0,
crowcity co uk,1,0.0,
scapular strengthening,1,0.0,
shady acres herb garden,1,0.0,
grand canyon,3,0.0,
how to file for immagration status,1,0.0,
candy samples nude gallery,4,0.0,
m,1,0.0,
bed bath and beyond com,1,0.0,
holidays,1,0.0,
www black chi chi com,3,0.0,
birdsnways,1,0.0,
yahoo com,2,0.0,
slate run metro park,1,0.0,
songs motorcycle biker girl,1,0.0,
theticket com,1,0.0,
bitits om,1,0.0,
ligament strengthening supplements and future injections,1,0.0,
necessary lyrics,3,0.0,
www froggtoggs com,2,0.0,
free video codes 4me com,1,0.0,
spray on tan,1,0.0,
crosses flames skulls cups,1,0.0,
free music video codes com,1,0.0,
get free video codes 4 free com,1,0.0,
business truck depeciation,1,0.0,
rde,1,0.0,
cajun saddle,1,0.0,
patenpendingsmells com,2,0.0,
playcbs deal or no deal com,2,0.0,
institutionalisation of ethnic ideology and segregation in rwanda,1,0.0,
cheats for san andreas,1,0.0,
chico com,1,0.0,
www lavasoft comhttp,1,0.0,
nascar com,1,0.0,
outback,1,0.0,
dragon stuff,1,0.0,
www rainbowplaysets com,1,0.0,
skull dragon figurines,1,0.0,
song with the lyrics lonely days are gone imma going home my baby just wrote me a lletter,1,0.0,
jim pederson boot saddle,1,0.0,
salvador dali,1,0.0,
free kinky pics,2,0.0,
philadelphia community college arciveves,2,0.0,
ellen degeneres show,1,0.0,
spca fresno,1,0.0,
sega system for sale,1,0.0,
points catalog com points catalog,1,0.0,
massage parlor reviews,1,0.0,
kids silk robes,1,0.0,
my space com,1,0.0,
army mil,1,0.0,
orlando light rail,1,0.0,
satin robes kids,1,0.0,
ammorization,1,0.0,
the big show,1,0.0,
atlanta international school,1,0.0,
google,9,0.0,
www myfereepaysite com,1,0.0,
www buteramarket com,2,0.0,
sharon stone hard to fine movies,1,0.0,
pink eye,2,0.0,
dictionary,1,0.0,
patintpendingsmells com,2,0.0,
axe sword shield armor and crossbows,1,0.0,
jemma kidd skin care,1,0.0,
women in hinduism,1,0.0,
pdd,1,1.0,0.14285714285714285
lv diaper bag,1,0.0,
auto haulers jobs,2,0.5,0.14285714285714285
shower curtain,4,0.0,
easter eggs,1,0.0,
skull mugs,1,0.0,
homestedtgardens,1,0.0,
songs motorcycle biker,2,0.0,
contribution to funding ira,1,0.0,
kristen,2,0.0,
book the shoe leather express,2,0.0,
welcome to trend,1,0.0,
seattle post dispatch,2,0.0,
old saybrook affordable senior housing,1,0.0,
hot cock,1,0.0,
ginger,2,0.0,
chicos com,2,0.0,
flail choppers,1,0.0,
suburbannoiz com,1,0.0,
www black goku com,1,0.0,
cbsnews,1,0.0,
planetsaturnpics com,1,0.0,
betty crocker points catalog,1,0.0,
myspace graffiti names,1,0.0,
hemingway s hills like white elephants,1,0.0,
helen fielding,1,0.0,
yahoo mail,1,0.0,
www,1,0.0,
car seats,2,0.0,
freeweblayouts nethttp,1,0.0,
song with the lyrics did you ever think that i d want to be someone else,1,0.0,
yellow tracy,1,0.0,
thoracic spine pain,1,0.0,
easter party supplies,2,0.0,
ugly hilary clinton,1,0.0,
iwon,7,0.0,
shemale com,3,0.0,
jack bauer,1,0.0,
www aol aim com,1,0.0,
donbest,11,0.0,
nhl,2,0.0,
www googlgle com,1,0.0,
wabcnews,1,0.0,
www meetme,1,0.0,
jeffrey asch,1,0.0,
babies r us,1,0.0,
picture b17 bailout weiner neustadt austria may 10 1944,1,0.0,
green bean casserole,1,0.0,
new york city,4,0.0,
wet place com,3,0.0,
geopoliticus child watching the birth of the new man,1,0.0,
is spray on tanning safe while pregnant,2,0.0,
skull tankard,1,0.0,
bombay,1,0.0,
gaylord mi weather summary,1,0.0,
www dexonline com,2,0.0,
wtam cleveland,1,0.0,
auto transport,1,0.0,
expedia,1,0.0,
frankenstein dragqueens,1,0.0,
lyricsme finding love with you is back in style,1,0.0,
betty crocker catalog,2,0.0,
new york times,1,0.0,
big tits om,1,0.0,
ny lottery numbers,1,0.0,
free datapilot software download,1,0.0,
plunkett,1,0.0,
www dragonballz girls com,1,0.0,
the silver snitch,1,0.0,
sears,1,0.0,
betty crocker com points catalog,1,0.0,
nj realty,1,0.0,
2005 thunderbird,1,0.0,
huns yello pages,2,0.0,
commercial land for sale in dayton tx,3,0.0,
zim zum,11,0.0,
www nixdoor com,1,0.0,
french hugenot history,1,0.0,
elastogenesis skin care,5,0.0,
pregnancy calculator,1,0.0,
mature tits com,1,0.0,
mature older nude woman,4,0.0,
bell south com,1,0.0,
b 17 flying fortress ball turret,1,0.0,
capital of angola,1,0.0,
www shuuemmura com,1,0.0,
my mother inlaw sat on my lap and moved her ass slowly back and forth,1,0.0,
jimmy edwards,3,0.0,
www pepsi com,1,0.0,
song finder,1,0.0,
www printroom com pro yelverton,1,0.0,
falushia iraq map,1,0.0,
new york state eeoc,1,0.0,
old saybrook affordablhousing,2,0.0,
www manchesternh gov,3,0.0,
dob,2,0.0,
howard stern,2,0.0,
temperature lyrics,1,0.0,
eastereggs,1,0.0,
jay nieporte,1,0.0,
used boats buying,1,0.0,
www dragonballz com,2,0.0,
adultfriendfinder com,1,0.0,
lyrics serch,1,0.0,
www femfight2000jp com,1,0.0,
wells fargo,1,0.0,
baker,1,0.0,
baynews9,1,0.0,
extinction of hummingbirds,1,0.0,
switchboard,1,0.0,
www blackbulma com,1,0.0,
localemailsites,1,0.0,
gothic furniture,1,0.0,
lpatenpendingsmells com,1,0.0,
brittish song lyrics search,1,0.0,
necessary,1,0.0,
adrime curry,1,0.0,
abim org,1,0.0,
www blackgoku com,9,0.0,
newyorkschoolofbartending,3,0.0,
hatley auto haulers,1,0.0,
iowa paint horse club,1,0.0,
nalgas de yegua,1,0.0,
motorcycle biker girl,1,0.0,
chiropractic,1,0.0,
belamionline com,1,0.0,
exspanable curtain rods,1,0.0,
weddingchannel com,3,0.0,
www firstentertainmentcredit com,1,0.0,
border stones,1,0.0,
free republic,1,0.0,
lovaas,1,0.0,
peidmont alliance church tallahassee fl,1,0.0,
yahoo sports,2,0.0,
nieporte caddy statue,1,0.0,
edinaswimclub com,1,0.0,
aa,2,0.0,
apha com,1,0.0,
www ltd org,1,0.0,
coral snake,1,0.0,
horse drawing contest in md,2,0.0,
federal job search com,1,0.0,
http www printroom com viewgalleryphoto asp userid yelverton,2,0.0,
los superlamas,1,0.0,
sara lee outlet,1,0.0,
jetboat niagara falls,1,0.0,
crawley uk banks in crawley,1,0.0,
ny lottery payouts,2,0.0,
tight wet clothes,1,0.0,
2007 ferrari 599 gtb,1,0.0,
boobot com,2,0.0,
horse drawing contest,1,0.0,
myspace com,2,0.0,
general lavasoft de,1,0.0,
nature s bounty,1,0.0,
welcome to otrend,1,0.0,
ninja swords ninja weapons for sale,1,0.0,
lasd university,1,0.0,
software for cell phones,1,0.0,
the giant,1,0.0,
deal or no deal,1,0.0,
clerk of courts miami dade,1,0.0,
customerregistration php,1,0.0,
erwinmarinesales,1,0.0,
humming birds,3,0.0,
www coloryourworld,1,0.0,
prison break on boxset,1,0.0,
ny lotto payouts,2,0.0,
gooks suck,2,0.0,
driving directions,1,0.0,
www oasisemployment com,1,0.0,
adrinne curry,1,0.0,
galleria of fine homes ft lauderdale fl,1,0.0,
me falling in love with you is back in style,1,0.0,
pregnancy weeks calculator,1,0.0,
mvrhs,1,0.0,
jolietseventh dayadventistchurch,1,0.0,
big old tits,1,0.0,
sky caddie,1,0.0,
flying w ranch,1,0.0,
chaseyseamonstes com,2,0.0,
hilary clinton,9,0.0,
target bowling green state university rug black orange rectangle,1,0.0,
minnie mouse birthday invitations,4,0.0,
tents portable,1,0.0,
collegeboard com,1,0.0,
gamesville com,1,0.0,
oriential trading company,2,0.0,
crawley uk,2,0.0,
sawgrass sword store,1,0.0,
kentuckylottery,2,0.0,
world history,2,0.0,
aa com,1,0.0,
community college of philadelhia,1,0.0,
manchesternh gov,1,0.0,
military in iraq,1,0.0,
wcsonline,1,0.0,
www google,2,0.0,
taiwan news,1,0.0,
songs with doctor phil,1,0.0,
primary games,2,0.5,1.0
la maquina tropical 97 7 fm,2,0.0,
learn spanish,1,0.0,
ign,7,0.0,
limit to funding ira,1,0.0,
citybank money market rates,1,0.0,
superlamas,1,0.0,
meatforcash com,1,0.0,
creative,1,0.0,
horoscope,1,0.0,
eyetness news,1,0.0,
certificate of eviction new york state,1,0.0,
hotel de l arcade,1,0.0,
www sherwinwilliams,1,0.0,
drop ceiling panels tees online sales,1,0.0,
john deere rochester ny,1,0.0,
frankenstein drag queens,1,0.0,
salavador dali,1,0.0,
sportingnews com,1,0.0,
zaz alliance hunt songs,1,0.0,
back in style,1,0.0,
churches tallahassee fl,1,0.0,
cafe absinthe,1,0.0,
kingwood texas,1,0.0,
nintendo and sega consoles,1,0.0,
www baystateperennial,1,0.0,
translation,2,0.0,
world grotto,1,0.0,
helen felding bridget jones 3,1,0.0,
teenage dirtbag tabs,1,0.0,
bayer,4,0.0,
defp myspace com,1,0.0,
pictures stalag luft iv germany,8,0.0,
spray on tanning in yuma az,2,0.0,
bam margera s satellite radio show,2,0.0,
edina swim club,1,0.0,
primarygames,1,0.0,
minnie mouse birthday decoration,2,0.0,
radio veracruz,2,0.0,
sexy songs to strip to,2,0.0,
humming birds in danger of being extinct,2,0.0,
old ladies,4,0.0,
wcax,1,0.0,
mapquest,2,0.0,
my mother inlaw sat on my lap and moved her ass around,2,0.0,
apartments on holly hall,1,0.0,
patentpendingsmells com,2,0.0,
united rentals,1,0.0,
north central university,1,0.0,
wcpo com,1,0.0,
36,1,0.0,
witchamacallitfashion com,1,0.0,
graffiti graphics,1,0.0,
truck tents,1,0.0,
lyrics me finding love with you is back in style,1,0.0,
wild gose state park trail,1,0.0,
caddy statue,1,0.0,
marisa giordano nj,1,0.0,
commercial acreage on hwy 90 for sale in tx,1,0.0,
girl,4,0.0,
www brassring com,1,0.0,
www monster com,1,0.0,
axe sword shield armor amd crossbows,1,0.0,
business truck depreciation,1,0.0,
tailswaggin net,1,0.0,
central florida art museums,1,0.0,
www wunderground com,1,0.0,
ozaukee trail,1,0.0,
parntal controls,1,0.0,
wwwmanchesternhgov,1,0.0,
high tensile fence,1,0.0,
self support curtain rod,1,0.0,
www l com,1,0.0,
deal or no deal game show com,1,0.0,
www silversnitchtoo net,1,0.0,
hyde park uk,1,0.0,
myasthenia gravis,4,0.0,
1897 old coin,1,0.0,
gothic goblets,1,0.0,
houston baptist school of music,45,0.0,
orange county ca,2,0.0,
bree,8,0.0,
department of children and families,3,0.0,
normandale edu,1,0.0,
homestedt,1,0.0,
formula for carbon monoxide,1,0.0,
2006 prom dresses,1,0.0,
marisa and giordano and nj,1,0.0,
whirlpool,1,0.0,
sara lee,2,0.0,
aim mail,1,0.0,
the one and only,1,0.0,
lands end,1,0.0,
florida department of corrections,1,0.0,
sexy songs to give to your man,1,0.0,
drop ceiling kit,2,0.0,
ship insurance,2,0.0,
lesbian poster,1,0.0,
commyspace,1,0.0,
sault ste marie mi news,1,0.0,
seventeen,1,0.0,
skulls wine glasses,1,0.0,
msn messenger,1,0.0,
mexico city hotels directory,1,0.0,
sling,1,0.0,
gmtraining,1,0.0,
myfloridacounty,1,0.0,
pncbank com,1,0.0,
lyric,1,0.0,
lamisil,1,0.0,
yellow truvk,1,0.0,
history,1,0.0,
www mas yacht com,1,0.0,
lima juvenile detention center,1,0.0,
bettycrocker cataog,1,0.0,
www labpuppies,1,0.0,
wild goose state park trail,1,0.0,
maytag,1,0.0,
skull rings,1,0.0,
channel 3 burlington vt,1,0.0,
limited too,1,0.0,
kalamazoo michigan hotels,1,0.0,
hemingways,1,0.0,
orbitz ccom,1,0.0,
ct housing authorities,2,0.0,
www dragonballgt girls com,4,0.0,
k o l,1,0.0,
coins,1,0.0,
tvguide,1,0.0,
revere massachusetts sex offenders,1,0.0,
jim feist,7,0.0,
sexy old sluts,1,0.0,
lotto numbers and payouts,2,0.0,
sunset island ocean city maryland,1,0.0,
www yelvertonphotos com,2,0.0,
yield rate,1,0.0,
boring pipe orlando,4,0.0,
www meridianspirit com,1,0.0,
bakers square,1,0.0,
gothic skull goblets,2,0.0,
sat com,1,0.0,
embassy suites niagara falls,1,0.0,
mortgage rates,1,0.0,
submarine swimsuits,2,0.0,
www chadwickl com,1,0.0,
american idol,1,0.0,
sry,1,0.0,
www homosexissin com,3,0.0,
www baystateperrennial com,1,0.0,
weapons for sale,1,0.0,
keypadfeathers,1,0.0,
horse photography contests,5,0.0,
give me a ticket for an airplane,1,0.0,
buyersonthejerseyshore com,1,0.0,
slst,1,0.0,
kminfrared com,1,0.0,
columbus library,1,0.0,
kids satin robes,1,0.0,
super nintendo for sale,1,0.0,
palm housplant problems,1,0.0,
robert mcclory bike path,1,0.0,
trucking jobs,2,0.5,0.5
i hate gooks,1,0.0,
department of education student loans,1,0.0,
chaseonline chase on com,1,0.0,
gothic chairs,1,0.0,
colitis,1,0.0,
attornyleslie com,1,0.0,
house plans,2,0.0,
alltel,1,0.0,
ups employee,1,0.0,
www google com,2,0.0,
community college of philadelphia,2,0.0,
www rashrock 3rror com,1,0.0,
logan young press conference,2,0.0,
www bayfurniture,1,0.0,
1010wins,3,0.0,
state health insurance texas,1,0.0,
yahoo,3,0.0,
lyrics search,3,0.0,
ny lottery,1,0.0,
nicole conley,1,0.0,
key biscayne florida,2,0.0,
channel 3 news burlington vermont,1,0.0,
drop ceiling panels tees,2,0.0,
palm houseplant mites,1,0.0,
wknr cleveland,2,0.0,
me finding love with you is back in style,1,0.0,
www creatingvoices com,2,0.0,
valleyofthet rex com,2,0.0,
louisiana lottery,1,0.0,
motorvation,1,0.0,
palm houseplant problems,1,0.0,
vintagemovies free fr,3,0.0,
ofoto,1,0.0,
bbandt com,1,0.0,
nylotterywinningnumbers,1,0.0,
chiropractor tallahassee,1,0.0,
mother inlaw sat on my lap and wiggled her ass,1,0.0,
merck,1,0.0,
al 4a,1,0.0,
american express cards,1,0.0,
heartlandamerica com,1,0.0,
hippies skinny dipping,2,0.0,
back in style lyrics,2,0.0,
roth ira limits 2004,1,0.0,
wwwlossuperlamas com,1,0.0,
dating online,1,0.0,
ling skin care,1,0.0,
fidelity com,1,0.0,
picshttp,1,0.0,
easter decorations,12,0.0,
sawgrass,1,0.0,
courtney love,2,0.0,
accuweather,1,0.0,
fox5news,1,0.0,
www rfa org,1,0.0,
im help,1,0.0,
saturn,12,0.0,
john deere cart,1,0.0,
homedepotopinion com,2,0.0,
capitalone,1,0.0,
marilyn manson,5,0.0,
sword stores in florida,1,0.0,
david sbridal com,1,0.0,
www dragonballgt com,1,0.0,
www bw net,1,0.0,
satin robes toddler,1,0.0,
dfas,1,0.0,
sep ira,1,0.0,
9736155403 cingularme com,1,0.0,
yellow trucking,1,1.0,1.0
roth ira income limits 2004,1,0.0,
wednesday13,1,0.0,
jesse ventura,3,0.0,
hearing test for autistic children,1,0.0,
free telephone number search,1,0.0,
www electroluxvacuumcleaners cpm,1,0.0,
marisa giordano,2,0.0,
scalamandre,1,0.0,
bakken museum,1,0.0,
simslots com,1,0.0,
davidsbridal com,3,0.0,
old mission bank,1,0.0,
s d jones,1,0.0,
ashlee simpson,2,0.0,
clarksville leaf chronicle,1,0.0,
free music video codes 4me com,1,0.0,
mildly autistic,1,0.0,
teenage dirtdag tabs,1,0.0,
www 107 1 com,1,0.0,
target,1,0.0,
hisory,1,0.0,
old plank trail illinois,1,0.0,
eye pressure lowering,2,0.0,
w my,1,0.0,
wcbsamnews,1,0.0,
generalmills com points catalog,1,0.0,
victoria palace theatre uk,1,0.0,
front load under counter washers,1,0.0,
ginger tea,1,0.0,
old friends,8,0.0,
foodnetwork,1,0.0,
florida yellow pages,1,0.0,
www silversnitchtoo org,1,0.0,
dr phil,1,0.0,
hole,4,0.0,
piedmont church tallahassee fl,1,0.0,
affordable health insurance texas,5,0.0,
planetsaturn,4,0.0,
mad about you,1,0.0,
back shaping,1,0.0,
commercial acreage for sale in dayton tx,1,0.0,
cbs deal or no deal com,3,0.0,
hot girl,11,0.0,
sault ste marie mi weather,1,0.0,
cornell museum rollins,1,0.0,
www meridiannoblespirit com,1,0.0,
free online dating,1,0.0,
skull figurines,1,0.0,
catfighting ppv,3,0.0,
http http www andiesisle com icanonlyimagine html,1,0.0,
easter holiday,1,0.0,
what you know about that lyrics,1,0.0,
www baystateperennial com,3,0.0,
www register news com,4,0.0,
brunschwig fils,1,0.0,
chinese gender calendar,1,0.0,
french huguenot history,2,0.0,
www k mart com,1,0.0,
bam margeras satillite radio show,1,0.0,
classic updos,3,0.0,
usajobs com,1,0.0,
cornell musuem rollins,1,0.0,
play deal or no deal com,1,0.0,
drop ceiling tile kit,1,0.0,
grandview library,1,0.0,
salvador dali bio,1,0.0,
new york city rent control law,3,0.0,
treatments for mild autism,1,0.0,
horseitem catalog,1,0.0,
model cars,1,0.0,
crosses flames skulls glasses,1,0.0,
my mother inlaw wiggled her ass gainst my crotch,1,0.0,
lyrics,2,0.0,
i have a sexy nickname it s kinda ness,1,0.0,
racing game,1,0.0,
deal or no deal com,1,0.0,
generalmotors com,1,0.0,
thewave,1,0.0,
business auto write off,1,0.0,
stalag luft iv,1,0.0,
stubhub,1,0.0,
godfart com,1,0.0,
wwww nova com,1,0.0,
skin care,1,0.0,
mysp,1,0.0,
oakland raiders,1,0.0,
h,1,0.0,
informative speech about young student budget,1,0.0,
www richyc com,1,0.0,
prison break on box set,1,0.0,
www boobot com,6,0.0,
pen and ink,1,0.0,
orange county ca map,1,0.0,
ira,1,0.0,
new york state,2,0.0,
yahoosports,6,0.0,
terminate power of attorney,1,0.0,
avemaria singles,1,0.0,
free naked asian girls pics,2,0.0,
www luijay1 com,1,0.0,
slipknot lyrics,4,0.0,
nieporte bronze,1,0.0,
wits end,1,0.0,
iraq maps,1,0.0,
northeast softball ezboard,2,0.0,
wundergroun,1,0.0,
hersheys candy,1,0.0,
cakes com,1,0.0,
business truck write off,1,0.0,
exspanion curtain rods,1,0.0,
miltary in iraw,1,0.0,
the insider,1,0.0,
catch up contribution ira,1,0.0,
pen and brush,1,0.0,
motercycle biker girl,1,0.0,
easter cards free on line,1,0.0,
gable bowl torrance,1,0.0,
greyhound,1,0.0,
pipe boreing orlando,1,0.0,
aol security,2,0.0,
wfes first time experience nude beach,1,0.0,
marguerite chandler,1,0.0,
drop ceiling,1,0.0,
bending over ass photos,1,0.0,
free video codes 4you com,1,0.0,
golden retriever breeders massachusetts,2,0.0,
promdresses,1,0.0,
crosses flames skulls stuff,1,0.0,
hemingway s in another country,1,0.0,
pierpoint landing,1,0.0,
knives for sale,1,0.0,
office max,1,0.0,
lyrics i have a sexy nickname,1,0.0,
dateing online,1,0.0,
my request,1,0.0,
wednesday 13,45,0.0,
auto haulers,3,1.0,0.1619047619047619
toroidal transformers surplus,1,0.0,
gothic crosses flames skulls,1,0.0,
toys r us com,1,0.0,
spring computer wallpaper,1,0.0,
best buy,1,0.0,
jigzone,1,0.0,
bankofamerica,3,0.0,
www screenname aol com,1,0.0,
horse riding catelog,1,0.0,
full moon for april 2006,1,0.0,
http,1,0.0,
new orient hotel,1,0.0,
muvico 24,1,0.0,
mature sexy woman,1,0.0,
skull stuff,1,0.0,
myspace,1,0.0,
hatley auto transport,1,0.0,
adserver ign com,8,0.0,
grand ledge public schools,1,0.0,
submarine,1,0.0,
maps,1,0.0,
request,1,0.0,
ysl com,2,0.0,
www pictureview com,2,0.0,
women in modern hinduism,1,0.0,
wildwood secondary,1,0.0,
charleston gazette,1,0.0,
eyewitness news,1,0.0,
cheats for ratchet deadlocked,1,0.0,
gap com,1,0.0,
desk,1,0.0,
wickett craig,1,0.0,
uk lyrics search,1,0.0,
www decom,1,0.0,
retirement account options,1,0.0,
eyewitness news ny,1,0.0,
rowdy roddy piper,1,0.0,
cnn,1,0.0,
www investors dpwn com,1,0.0,
old video game systems,1,0.0,
www pamyelverton com,1,0.0,
mexico area codes,1,0.0,
www black dragonballgt com,1,0.0,
hulk hogan,1,0.0,
scapular loading,1,0.0,
www yah,1,0.0,
www asksnoop com,1,0.0,
drop ceiling panels tees online,2,0.0,
silive,1,0.0,
mapquest com,1,0.0,
www ucla bruins edu,2,0.0,
graffiti generators,1,0.0,
nylottery,5,0.0,
ebay,2,0.5,1.0
map of iraq,1,0.0,
kids robes,1,0.0,
www qc edu,1,0.0,
p,1,0.0,
kleber associates inc,2,0.0,
florida reptile,1,0.0,
yellow,1,0.0,
senorial hotel mexico city,6,0.0,
skull goblets,1,0.0,
songs back in style,2,0.0,
hummingbirds being extinct,1,0.0,
denim daisies,1,0.0,
children s war,1,0.0,
helen fielding bridget jones 3,1,0.0,
sunbelt drilling arizona,1,0.0,
sonicultimate,1,0.0,
spray on tanning,1,0.0,
yahoo fantasy baseball,1,0.0,
cinnatibeangels com,1,0.0,
stick ball com,1,0.0,
betty crocker points free catalog,1,0.0,
spousal ira,1,0.0,
gothicmatch com,1,0.0,
weathercom,1,0.0,
superfamily,1,0.0,
mi lottery,1,0.0,
